{
  "pageDimensions": [630, 404],
  "bubbleDimensions": [20, 15],
  "customLabels": {},
  "fieldBlocks": {
    "MCQBlock1": {
      "fieldType": "QTYPE_MCQ5",
      "origin": [33, 6],
      "fieldLabels": ["q1", "q2", "q3", "q4", "q5", "q6", "q7", "q8", "q9", "q10", "q11", "q12", "q13", "q14", "q15", "q16", "q17", "q18", "q19", "q20"],
      "bubblesGap": 33,
      "labelsGap": 20
    },
    "MCQBlock2": {
      "fieldType": "QTYPE_MCQ5",
      "origin": [248, 6],
      "fieldLabels": ["q21", "q22", "q23", "q24", "q25", "q26", "q27", "q28", "q29", "q30", "q31", "q32", "q33", "q34", "q35", "q36", "q37", "q38", "q39", "q40"],
      "bubblesGap": 33,
      "labelsGap": 20
    },
    "MCQBlock3": {
      "fieldType": "QTYPE_MCQ5",
      "origin": [465, 6],
      "fieldLabels": ["q41", "q42", "q43", "q44", "q45", "q46", "q47", "q48", "q49", "q50", "q51", "q52", "q53", "q54", "q55", "q56", "q57", "q58", "q59", "q60"],
      "bubblesGap": 33,
      "labelsGap": 20
    }
  }
}
